"URL","body","event_id","field_date","field_date_end","location","title"
"http://lexingtonky.gov/index.aspx?recordid=14795&page=17",,"14795","11/11/2020 9:00 AM ","11/11/2020  10:30 AM","Phoenix Building (7th floor conference room)101 E. Vine Street 7th FloorLexington, Kentucky 40507","Transportation Technical Coordination Committee"
"http://lexingtonky.gov/index.aspx?recordid=14796&page=17",,"14796","9/9/2020 9:00 AM ","9/9/2020  10:30 AM","Phoenix Building (7th floor conference room)101 E. Vine Street 7th FloorLexington, Kentucky 40507","Transportation Technical Coordination Committee"
"http://lexingtonky.gov/index.aspx?recordid=14797&page=17",,"14797","7/8/2020 9:00 AM ","7/8/2020  10:30 AM","Phoenix Building (7th floor conference room)101 E. Vine Street 7th FloorLexington, Kentucky 40507","Transportation Technical Coordination Committee"
"http://lexingtonky.gov/index.aspx?recordid=14798&page=17",,"14798","5/13/2020 9:00 AM ","5/13/2020  10:30 AM","Phoenix Building (7th floor conference room)101 E. Vine Street 7th FloorLexington, Kentucky 40507","Transportation Technical Coordination Committee"
"http://lexingtonky.gov/index.aspx?recordid=14799&page=17",,"14799","3/11/2020 9:00 AM ","3/11/2020  10:30 AM","Phoenix Building (7th floor conference room)101 E. Vine Street 7th FloorLexington, Kentucky 40507","Transportation Technical Coordination Committee"
"http://lexingtonky.gov/index.aspx?recordid=14800&page=17",,"14800","1/8/2020 9:00 AM ","1/8/2020  10:30 AM","Phoenix Building (7th floor conference room)101 E. Vine Street 7th FloorLexington, Kentucky 40507","Transportation Technical Coordination Committee"
"http://lexingtonky.gov/index.aspx?recordid=14801&page=17",,"14801","11/13/2019 9:00 AM ","11/13/2019  10:30 AM","Phoenix Building (7th floor conference room)101 E. Vine Street 7th FloorLexington, Kentucky 40507","Transportation Technical Coordination Committee"
"http://lexingtonky.gov/index.aspx?recordid=14802&page=17",,"14802","9/11/2019 9:00 AM ","9/11/2019  10:30 AM","Phoenix Building (7th floor conference room)101 E. Vine Street 7th FloorLexington, Kentucky 40507","Transportation Technical Coordination Committee"
"http://lexingtonky.gov/index.aspx?recordid=14803&page=17",,"14803","7/10/2019 9:00 AM ","7/10/2019  10:30 AM","Phoenix Building (7th floor conference room)101 E. Vine Street 7th FloorLexington, Kentucky 40507","Transportation Technical Coordination Committee"
"http://lexingtonky.gov/index.aspx?recordid=14804&page=17",,"14804","5/8/2019 9:00 AM ","5/8/2019  10:30 AM","Phoenix Building (7th floor conference room)101 E. Vine Street 7th FloorLexington, Kentucky 40507","Transportation Technical Coordination Committee"
"http://lexingtonky.gov/index.aspx?recordid=14805&page=17",,"14805","3/13/2019 9:00 AM ","3/13/2019  10:30 AM","Phoenix Building (7th floor conference room)101 E. Vine Street 7th FloorLexington, Kentucky 40507","Transportation Technical Coordination Committee"
"http://lexingtonky.gov/index.aspx?recordid=15932&page=17",,"15932","2/13/2019 1:30 PM","","Phoenix Building (7th floor conference room)101 E. Vine Street 7th FloorLexington, Kentucky 40507","Congestion Management Committee"
"http://lexingtonky.gov/index.aspx?recordid=16018&page=17",,"16018","2/1/2019 12:00 PM ","2/1/2019  2:00 PM","Phoenix Building (7th floor conference room)101 E. Vine Street 7th FloorLexington, Kentucky 40507","Bicycle Pedestrian Advisory Committee Meeting (BPAC)"
"http://lexingtonky.gov/index.aspx?recordid=14806&page=17",,"14806","1/9/2019 9:00 AM ","1/9/2019  10:30 AM","Phoenix Building (7th floor conference room)101 E. Vine Street 7th FloorLexington, Kentucky 40507","Transportation Technical Coordination Committee"
"http://lexingtonky.gov/index.aspx?recordid=16017&page=17",,"16017","1/4/2019 12:00 PM ","1/4/2019  2:00 PM","Phoenix Building (7th floor conference room)101 E. Vine Street 7th FloorLexington, Kentucky 40507","Bicycle Pedestrian Advisory Committee Meeting (BPAC)"
"http://lexingtonky.gov/index.aspx?recordid=15933&page=17",,"15933","12/12/2018 1:30 PM","","Phoenix Building (7th floor conference room)101 E. Vine Street 7th FloorLexington, Kentucky 40507","Congestion Management Committee"
"http://lexingtonky.gov/index.aspx?recordid=16016&page=17",,"16016","12/7/2018 12:00 PM ","12/7/2018  2:00 PM","Phoenix Building (7th floor conference room)101 E. Vine Street 7th FloorLexington, Kentucky 40507","Bicycle Pedestrian Advisory Committee Meeting (BPAC)"
"http://lexingtonky.gov/index.aspx?recordid=14807&page=17",,"14807","11/14/2018 9:00 AM ","11/14/2018  10:30 AM","Phoenix Building (7th floor conference room)101 E. Vine Street 7th FloorLexington, Kentucky 40507","Transportation Technical Coordination Committee"
"http://lexingtonky.gov/index.aspx?recordid=16015&page=17",,"16015","11/2/2018 12:00 PM ","11/2/2018  2:00 PM","Phoenix Building (7th floor conference room)101 E. Vine Street 7th FloorLexington, Kentucky 40507","Bicycle Pedestrian Advisory Committee Meeting (BPAC)"
"http://lexingtonky.gov/index.aspx?recordid=15934&page=17",,"15934","10/10/2018 1:30 PM","","Phoenix Building (7th floor conference room)101 E. Vine Street 7th FloorLexington, Kentucky 40507","Congestion Management Committee"
"http://lexingtonky.gov/index.aspx?recordid=16014&page=17",,"16014","10/5/2018 12:00 PM ","10/5/2018  2:00 PM","Phoenix Building (7th floor conference room)101 E. Vine Street 7th FloorLexington, Kentucky 40507","Bicycle Pedestrian Advisory Committee Meeting (BPAC)"
"http://lexingtonky.gov/index.aspx?recordid=14808&page=17",,"14808","9/12/2018 9:00 AM ","9/12/2018  10:30 AM","Phoenix Building (7th floor conference room)101 E. Vine Street 7th FloorLexington, Kentucky 40507","Transportation Technical Coordination Committee"
"http://lexingtonky.gov/index.aspx?recordid=16013&page=17",,"16013","9/7/2018 12:00 PM ","9/7/2018  2:00 PM","Phoenix Building (7th floor conference room)101 E. Vine Street 7th FloorLexington, Kentucky 40507","Bicycle Pedestrian Advisory Committee Meeting (BPAC)"
"http://lexingtonky.gov/index.aspx?recordid=15935&page=17",,"15935","8/8/2018 1:30 PM","","Phoenix Building (7th floor conference room)101 E. Vine Street 7th FloorLexington, Kentucky 40507","Congestion Management Committee"
"http://lexingtonky.gov/index.aspx?recordid=16012&page=17",,"16012","8/3/2018 12:00 PM ","8/3/2018  2:00 PM","Phoenix Building (7th floor conference room)101 E. Vine Street 7th FloorLexington, Kentucky 40507","Bicycle Pedestrian Advisory Committee Meeting (BPAC)"
"http://lexingtonky.gov/index.aspx?recordid=14809&page=17",,"14809","7/11/2018 9:00 AM ","7/11/2018  10:30 AM","Phoenix Building (7th floor conference room)101 E. Vine Street 7th FloorLexington, Kentucky 40507","Transportation Technical Coordination Committee"
"http://lexingtonky.gov/index.aspx?recordid=16011&page=17",,"16011","7/6/2018 12:00 PM ","7/6/2018  2:00 PM","Phoenix Building (7th floor conference room)101 E. Vine Street 7th FloorLexington, Kentucky 40507","Bicycle Pedestrian Advisory Committee Meeting (BPAC)"
"http://lexingtonky.gov/index.aspx?recordid=15936&page=17",,"15936","6/13/2018 1:30 PM","","Phoenix Building (7th floor conference room)101 E. Vine Street 7th FloorLexington, Kentucky 40507","Congestion Management Committee"
"http://lexingtonky.gov/index.aspx?recordid=16010&page=17",,"16010","6/1/2018 12:00 PM ","6/1/2018  2:00 PM","Phoenix Building (7th floor conference room)101 E. Vine Street 7th FloorLexington, Kentucky 40507","Bicycle Pedestrian Advisory Committee Meeting (BPAC)"
"http://lexingtonky.gov/index.aspx?recordid=14824&page=17",,"14824","5/9/2018 9:00 AM ","5/9/2018  10:30 AM","Phoenix Building (7th floor conference room)101 E. Vine Street 7th FloorLexington, Kentucky 40507","Transportation Technical Coordination Committee"
"http://lexingtonky.gov/index.aspx?recordid=16009&page=17",,"16009","5/4/2018 12:00 PM ","5/4/2018  2:00 PM","Phoenix Building (7th floor conference room)101 E. Vine Street 7th FloorLexington, Kentucky 40507","Bicycle Pedestrian Advisory Committee Meeting (BPAC)"
"http://lexingtonky.gov/index.aspx?recordid=15937&page=17",,"15937","4/11/2018 1:30 PM","","Phoenix Building (7th floor conference room)101 E. Vine Street 7th FloorLexington, Kentucky 40507","Congestion Management Committee"
"http://lexingtonky.gov/index.aspx?recordid=16008&page=17",,"16008","4/6/2018 12:00 PM ","4/6/2018  2:00 PM","Phoenix Building (7th floor conference room)101 E. Vine Street 7th FloorLexington, Kentucky 40507","Bicycle Pedestrian Advisory Committee Meeting (BPAC)"
"http://lexingtonky.gov/index.aspx?recordid=14823&page=17",,"14823","3/14/2018 9:00 AM ","3/14/2018  10:30 AM","Phoenix Building (7th floor conference room)101 E. Vine Street 7th FloorLexington, Kentucky 40507","Transportation Technical Coordination Committee"
"http://lexingtonky.gov/index.aspx?recordid=16007&page=17",,"16007","3/2/2018 12:00 PM ","3/2/2018  2:00 PM","Phoenix Building (7th floor conference room)101 E. Vine Street 7th FloorLexington, Kentucky 40507","Bicycle Pedestrian Advisory Committee Meeting (BPAC)"
"http://lexingtonky.gov/index.aspx?recordid=15938&page=17",,"15938","2/14/2018 1:30 PM","","Phoenix Building (7th floor conference room)101 E. Vine Street 7th FloorLexington, Kentucky 40507","Congestion Management Committee"
"http://lexingtonky.gov/index.aspx?recordid=16006&page=17",,"16006","2/2/2018 12:00 PM ","2/2/2018  2:00 PM","Phoenix Building (7th floor conference room)101 E. Vine Street 7th FloorLexington, Kentucky 40507","Bicycle Pedestrian Advisory Committee Meeting (BPAC)"
"http://lexingtonky.gov/index.aspx?recordid=14822&page=17",,"14822","1/10/2018 9:00 AM ","1/10/2018  10:30 AM","Phoenix Building (7th floor conference room)101 E. Vine Street 7th FloorLexington, Kentucky 40507","Transportation Technical Coordination Committee"
"http://lexingtonky.gov/index.aspx?recordid=16005&page=17",,"16005","1/5/2018 12:00 PM ","1/5/2018  2:00 PM","Phoenix Building (7th floor conference room)101 E. Vine Street 7th FloorLexington, Kentucky 40507","Bicycle Pedestrian Advisory Committee Meeting (BPAC)"
"http://lexingtonky.gov/index.aspx?recordid=15939&page=17",,"15939","12/13/2017 1:30 PM","","Phoenix Building (7th floor conference room)101 E. Vine Street 7th FloorLexington, Kentucky 40507","Congestion Management Committee"
"http://lexingtonky.gov/index.aspx?recordid=16004&page=17",,"16004","12/1/2017 12:00 PM ","12/1/2017  2:00 PM","Phoenix Building (7th floor conference room)101 E. Vine Street 7th FloorLexington, Kentucky 40507","Bicycle Pedestrian Advisory Committee Meeting (BPAC)"
"http://lexingtonky.gov/index.aspx?recordid=14821&page=17",,"14821","11/8/2017 9:00 AM ","11/8/2017  10:30 AM","Phoenix Building (7th floor conference room)101 E. Vine Street 7th FloorLexington, Kentucky 40507","Transportation Technical Coordination Committee"
"http://lexingtonky.gov/index.aspx?recordid=16033&page=17",,"16033","11/3/2017 12:00 PM ","11/3/2017  2:00 PM","Phoenix Building (7th floor conference room)101 E. Vine Street 7th FloorLexington, Kentucky 40507","Bicycle Pedestrian Advisory Committee Meeting (BPAC)"
"http://lexingtonky.gov/index.aspx?recordid=15940&page=17",,"15940","10/11/2017 1:30 PM","","Phoenix Building (7th floor conference room)101 E. Vine Street 7th FloorLexington, Kentucky 40507","Congestion Management Committee"
"http://lexingtonky.gov/index.aspx?recordid=16032&page=17",,"16032","10/6/2017 12:00 PM ","10/6/2017  2:00 PM","Phoenix Building (7th floor conference room)101 E. Vine Street 7th FloorLexington, Kentucky 40507","Bicycle Pedestrian Advisory Committee Meeting (BPAC)"
"http://lexingtonky.gov/index.aspx?recordid=14820&page=17",,"14820","9/13/2017 9:00 AM ","9/13/2017  10:30 AM","Phoenix Building (7th floor conference room)101 E. Vine Street 7th FloorLexington, Kentucky 40507","Transportation Technical Coordination Committee"
"http://lexingtonky.gov/index.aspx?recordid=16031&page=17",,"16031","9/1/2017 12:00 PM ","9/1/2017  2:00 PM","Phoenix Building (7th floor conference room)101 E. Vine Street 7th FloorLexington, Kentucky 40507","Bicycle Pedestrian Advisory Committee Meeting (BPAC)"
"http://lexingtonky.gov/index.aspx?recordid=15941&page=17",,"15941","8/9/2017 1:30 PM","","Phoenix Building (7th floor conference room)101 E. Vine Street 7th FloorLexington, Kentucky 40507","Congestion Management Committee"
"http://lexingtonky.gov/index.aspx?recordid=16030&page=17",,"16030","8/4/2017 12:00 PM ","8/4/2017  2:00 PM","Phoenix Building (7th floor conference room)101 E. Vine Street 7th FloorLexington, Kentucky 40507","Bicycle Pedestrian Advisory Committee Meeting (BPAC)"
"http://lexingtonky.gov/index.aspx?recordid=14819&page=17",,"14819","7/12/2017 9:00 AM ","7/12/2017  10:30 AM","Phoenix Building (7th floor conference room)101 E. Vine Street 7th FloorLexington, Kentucky 40507","Transportation Technical Coordination Committee"
"http://lexingtonky.gov/index.aspx?recordid=16029&page=17",,"16029","7/7/2017 12:00 PM ","7/7/2017  2:00 PM","Phoenix Building (7th floor conference room)101 E. Vine Street 7th FloorLexington, Kentucky 40507","Bicycle Pedestrian Advisory Committee Meeting (BPAC)"
"http://lexingtonky.gov/index.aspx?recordid=15942&page=17",,"15942","6/14/2017 1:30 PM","","Phoenix Building (7th floor conference room)101 E. Vine Street 7th FloorLexington, Kentucky 40507","Congestion Management Committee"
"http://lexingtonky.gov/index.aspx?recordid=17996&page=17",,"17996","6/13/2017 11:30 AM","","Global Lexington1306 Versailles Road, Suite 110Lexington, Kentucky 40504","International Affairs Advisory Commission’s Education and Advocacy Committee"
"http://lexingtonky.gov/index.aspx?recordid=16028&page=17",,"16028","6/2/2017 12:00 PM ","6/2/2017  2:00 PM","Phoenix Building (7th floor conference room)101 E. Vine Street 7th FloorLexington, Kentucky 40507","Bicycle Pedestrian Advisory Committee Meeting (BPAC)"
"http://lexingtonky.gov/index.aspx?recordid=17978&page=17",,"17978","5/19/2017 11:00 AM ","5/19/2017  2:00 PM","Global Lexington1306 Versailles Road, Suite 110Lexington, Kentucky 40504","International Affairs Advisory Commission’s Cultural Affairs Committee"
"http://lexingtonky.gov/index.aspx?recordid=14818&page=17",,"14818","5/10/2017 9:00 AM ","5/10/2017  10:30 AM","Phoenix Building (7th floor conference room)101 E. Vine Street 7th FloorLexington, Kentucky 40507","Transportation Technical Coordination Committee"
"http://lexingtonky.gov/index.aspx?recordid=17995&page=17",,"17995","5/9/2017 11:30 AM","","Global Lexington1306 Versailles Road, Suite 110Lexington, Kentucky 40504","International Affairs Advisory Commission’s Education and Advocacy Committee"
"http://lexingtonky.gov/index.aspx?recordid=16027&page=17",,"16027","5/5/2017 12:00 PM ","5/5/2017  2:00 PM","Phoenix Building (7th floor conference room)101 E. Vine Street 7th FloorLexington, Kentucky 40507","Bicycle Pedestrian Advisory Committee Meeting (BPAC)"
"http://lexingtonky.gov/index.aspx?recordid=17979&page=17",,"17979","4/21/2017 11:00 AM ","4/21/2017  2:00 PM","Global Lexington1306 Versailles Road, Suite 110Lexington, Kentucky 40504","International Affairs Advisory Commission’s Cultural Affairs Committee"
"http://lexingtonky.gov/index.aspx?recordid=15943&page=17",,"15943","4/12/2017 1:30 PM","","Phoenix Building (7th floor conference room)101 E. Vine Street 7th FloorLexington, Kentucky 40507","Congestion Management Committee"
"http://lexingtonky.gov/index.aspx?recordid=17994&page=17",,"17994","4/11/2017 11:30 AM","","Global Lexington1306 Versailles Road, Suite 110Lexington, Kentucky 40504","International Affairs Advisory Commission’s Education and Advocacy Committee"
"http://lexingtonky.gov/index.aspx?recordid=16026&page=17",,"16026","4/7/2017 12:00 PM ","4/7/2017  2:00 PM","Phoenix Building (7th floor conference room)101 E. Vine Street 7th FloorLexington, Kentucky 40507","Bicycle Pedestrian Advisory Committee Meeting (BPAC)"
"http://lexingtonky.gov/index.aspx?recordid=17980&page=17",,"17980","3/17/2017 11:00 AM ","3/17/2017  2:00 PM","Global Lexington1306 Versailles Road, Suite 110Lexington, Kentucky 40504","International Affairs Advisory Commission’s Cultural Affairs Committee"
"http://lexingtonky.gov/index.aspx?recordid=17993&page=17",,"17993","3/14/2017 11:30 AM","","Global Lexington1306 Versailles Road, Suite 110Lexington, Kentucky 40504","International Affairs Advisory Commission’s Education and Advocacy Committee"
"http://lexingtonky.gov/index.aspx?recordid=14817&page=17",,"14817","3/8/2017 9:00 AM ","3/8/2017  10:30 AM","Phoenix Building (7th floor conference room)101 E. Vine Street 7th FloorLexington, Kentucky 40507","Transportation Technical Coordination Committee"
"http://lexingtonky.gov/index.aspx?recordid=16025&page=17",,"16025","3/3/2017 12:00 PM ","3/3/2017  2:00 PM","Phoenix Building (7th floor conference room)101 E. Vine Street 7th FloorLexington, Kentucky 40507","Bicycle Pedestrian Advisory Committee Meeting (BPAC)"
"http://lexingtonky.gov/index.aspx?recordid=17981&page=17",,"17981","2/17/2017 11:00 AM ","2/17/2017  2:00 PM","Global Lexington1306 Versailles Road, Suite 110Lexington, Kentucky 40504","International Affairs Advisory Commission’s Cultural Affairs Committee"
"http://lexingtonky.gov/index.aspx?recordid=17992&page=17",,"17992","2/14/2017 11:30 AM","","Global Lexington1306 Versailles Road, Suite 110Lexington, Kentucky 40504","International Affairs Advisory Commission’s Education and Advocacy Committee"
"http://lexingtonky.gov/index.aspx?recordid=15944&page=17",,"15944","2/8/2017 1:30 PM","","Phoenix Building (7th floor conference room)101 E. Vine Street 7th FloorLexington, Kentucky 40507","Congestion Management Committee"
"http://lexingtonky.gov/index.aspx?recordid=16024&page=17",,"16024","2/3/2017 12:00 PM ","2/3/2017  2:00 PM","Phoenix Building (7th floor conference room)101 E. Vine Street 7th FloorLexington, Kentucky 40507","Bicycle Pedestrian Advisory Committee Meeting (BPAC)"
"http://lexingtonky.gov/index.aspx?recordid=16997&page=17",,"16997","1/26/2017 1:30 PM","","$0Council Chambers, 2nd Floor200 East Main StreetLexington, Kentucky 40507","Planning Commission Public Hearings - Zoning Items"
"http://lexingtonky.gov/index.aspx?recordid=17982&page=17",,"17982","1/20/2017 11:00 AM ","1/20/2017  2:00 PM","Global Lexington1306 Versailles Road, Suite 110Lexington, Kentucky 40504","International Affairs Advisory Commission’s Cultural Affairs Committee"
"http://lexingtonky.gov/index.aspx?recordid=14816&page=17",,"14816","1/11/2017 9:00 AM ","1/11/2017  10:30 AM","Phoenix Building (7th floor conference room)101 E. Vine Street 7th FloorLexington, Kentucky 40507","Transportation Technical Coordination Committee"
"http://lexingtonky.gov/index.aspx?recordid=17991&page=17",,"17991","1/10/2017 11:30 AM","","Global Lexington1306 Versailles Road, Suite 110Lexington, Kentucky 40504","International Affairs Advisory Commission’s Education and Advocacy Committee"
"http://lexingtonky.gov/index.aspx?recordid=16023&page=17",,"16023","1/6/2017 12:00 PM ","1/6/2017  2:00 PM","Phoenix Building (7th floor conference room)101 E. Vine Street 7th FloorLexington, Kentucky 40507","Bicycle Pedestrian Advisory Committee Meeting (BPAC)"
"http://lexingtonky.gov/index.aspx?recordid=17009&page=17",,"17009","12/22/2016 1:30 PM","","$0Council Chambers, 2nd Floor200 East Main StreetLexington, Kentucky 40507","Planning Commission Work Session"
"http://lexingtonky.gov/index.aspx?recordid=17709&page=17",,"17709","12/21/2016 3:00 PM ","12/21/2016  5:00 PM","7th floor Phoenix101 East Vine StreetLexington, Kentucky 40507","Greenspace Commission Committee Meeting"
"http://lexingtonky.gov/index.aspx?recordid=17072&page=17",,"17072","12/16/2016 1:30 PM","","$0Council Chambers, 2nd Floor200 East Main StreetLexington, Kentucky 40507","Board of Adjustment Hearing"
"http://lexingtonky.gov/index.aspx?recordid=17983&page=17",,"17983","12/16/2016 11:00 AM ","12/16/2016  2:00 PM","Global Lexington1306 Versailles Road, Suite 110Lexington, Kentucky 40504","International Affairs Advisory Commission’s Cultural Affairs Committee"
"http://lexingtonky.gov/index.aspx?recordid=16996&page=17",,"16996","12/15/2016 1:30 PM","","$0Council Chambers, 2nd Floor200 East Main StreetLexington, Kentucky 40507","Planning Commission Public Hearings - Zoning Items"
"http://lexingtonky.gov/index.aspx?recordid=18069&page=17",,"18069","12/15/2016 8:30 AM ","12/15/2016  10:30 AM","FreeTBDKentucky","Keep Lexington Beautiful Commission Meeting"
"http://lexingtonky.gov/index.aspx?recordid=17760&page=17",,"17760","12/14/2016 5:00 PM","","Council Chambers200 East Main StreetLexington, Kentucky 40507","Board of Architectural Review"
"http://lexingtonky.gov/index.aspx?recordid=15945&page=17",,"15945","12/14/2016 1:30 PM","","Phoenix Building (7th floor conference room)101 E. Vine Street 7th FloorLexington, Kentucky 40507","Congestion Management Committee"
"http://lexingtonky.gov/index.aspx?recordid=17990&page=17",,"17990","12/13/2016 11:30 AM","","Global Lexington1306 Versailles Road, Suite 110Lexington, Kentucky 40504","International Affairs Advisory Commission’s Education and Advocacy Committee"
"http://lexingtonky.gov/index.aspx?recordid=16896&page=17",,"16896","12/9/2016 4:00 PM","","$0Division of Planning Office, 7th Floor101 East Vine StreetLexington, Kentucky 40507","All Plan Certifications for Technical Committee Review - Filing Deadline"
"http://lexingtonky.gov/index.aspx?recordid=16872&page=17",,"16872","12/8/2016 1:30 PM","","$0Council Chambers, 2nd Floor200 East Main StreetLexington, Kentucky 40507","Planning Commission Meeting - Subdivision Items"
"http://lexingtonky.gov/index.aspx?recordid=17899&page=17",,"17899","12/6/2016 6:00 PM","","Council Chamber, 2nd floor200 E Main StLexington, Kentucky 40507","Council Meeting"
"http://lexingtonky.gov/index.aspx?recordid=17387&page=17",,"17387","12/6/2016 3:00 PM","","Council Chamber200 East Main StreetLexington, Kentucky 40507","Council Work Session"
"http://lexingtonky.gov/index.aspx?recordid=17506&page=17",,"17506","12/6/2016 1:00 PM","","Council Chamber200 East Main StreetLexington, Kentucky 40507","Planning & Public Safety Committee"
"http://lexingtonky.gov/index.aspx?recordid=17792&page=17",,"17792","12/5/2016 2:00 PM","","3rd Floor Conference room, Phoenix BuildingKentucky","Rural Land Management Board Work Session & Meeting"
"http://lexingtonky.gov/index.aspx?recordid=16022&page=17",,"16022","12/2/2016 12:00 PM ","12/2/2016  2:00 PM","Phoenix Building (7th floor conference room)101 E. Vine Street 7th FloorLexington, Kentucky 40507","Bicycle Pedestrian Advisory Committee Meeting (BPAC)"
"http://lexingtonky.gov/index.aspx?recordid=18204&page=17",,"18204","12/2/2016 9:00 AM ","12/2/2016  11:00 AM","Tate Building, first floor training room125 Lisle Industrial Ave., Ste 180Lexington, Kentucky","Stormwater Stakeholder Advisory Committee"
"http://lexingtonky.gov/index.aspx?recordid=17898&page=17",,"17898","12/1/2016 6:00 PM","","Council Chamber, 2nd floor200 E Main StLexington, Kentucky 40507","Council Meeting"
"http://lexingtonky.gov/index.aspx?recordid=16827&page=17",,"16827","12/1/2016 4:00 PM","","$0Division of Planning Office, 7th Floor101 East Vine StreetLexington, Kentucky 40507","Reapproval & Approval Extension Request Filing Deadline"
"http://lexingtonky.gov/index.aspx?recordid=16971&page=17",,"16971","12/1/2016 1:30 PM","","$0Division of Planning Office, 7th Floor101 East Vine StreetLexington, Kentucky 40507","Planning Commission - Zoning (Sub)Committee Meeting"
"http://lexingtonky.gov/index.aspx?recordid=16815&page=17",,"16815","12/1/2016 8:30 AM","","$0Division of Planning Office, 7th Floor101 East Vine StreetLexington, Kentucky 40507","Planning Commission - Subdivision (Sub)Committee Meeting"
"http://lexingtonky.gov/index.aspx?recordid=16788&page=17","*Not on regular day due to holiday<!--&#86;&#73;&#83;&#73;&#79;&#78;&#67;&#77;&#84;4-->","16788","11/30/2016 4:00 PM","","$0Division of Planning Office, 7th Floor101 East Vine StreetLexington, Kentucky 40507","Land Subdivision Regulations Waiver Request Filing Deadline"
"http://lexingtonky.gov/index.aspx?recordid=17388&page=17",,"17388","11/29/2016 3:00 PM","","Council Chamber200 East Main StreetLexington, Kentucky 40507","Council Work Session"
"http://lexingtonky.gov/index.aspx?recordid=17507&page=17",,"17507","11/29/2016 1:00 PM","","Council Chamber200 East Main StreetLexington, Kentucky 40507","Budget, Finance & Economic Development Committee"
"http://lexingtonky.gov/index.aspx?recordid=17060&page=17","*Not on regular day due to holiday<!--&#86;&#73;&#83;&#73;&#79;&#78;&#67;&#77;&#84;4-->","17060","11/23/2016 4:00 PM","","$0Division of Planning Office, 7th Floor101 East Vine StreetLexington, Kentucky 40507","Variances & Early Rehearing Requests Filing Deadline"
"http://lexingtonky.gov/index.aspx?recordid=18135&page=17",,"18135","11/23/2016 11:30 AM ","11/23/2016  1:00 PM","New Lexington Senior Center195 Life LaneLexington, Kentucky 40504","Social Services Advisory Board"
"http://lexingtonky.gov/index.aspx?recordid=16753&page=17",,"16753","11/23/2016 8:30 AM","","$0Division of Planning Office, 7th Floor101 East Vine StreetLexington, Kentucky 40507","Technical Committee Meeting"
"http://lexingtonky.gov/index.aspx?recordid=17071&page=17","*Not on regular day due to holiday<!--&#86;&#73;&#83;&#73;&#79;&#78;&#67;&#77;&#84;4-->","17071","11/18/2016 1:30 PM","","$0Council Chambers, 2nd Floor200 East Main StreetLexington, Kentucky 40507","Board of Adjustment Hearing"
"http://lexingtonky.gov/index.aspx?recordid=17984&page=17",,"17984","11/18/2016 11:00 AM ","11/18/2016  2:00 PM","Global Lexington1306 Versailles Road, Suite 110Lexington, Kentucky 40504","International Affairs Advisory Commission’s Cultural Affairs Committee"
"http://lexingtonky.gov/index.aspx?recordid=17897&page=17",,"17897","11/17/2016 6:00 PM","","Council Chamber, 2nd floor200 E Main StLexington, Kentucky 40507","Council Meeting"
"http://lexingtonky.gov/index.aspx?recordid=16995&page=17",,"16995","11/17/2016 1:30 PM","","$0Council Chambers, 2nd Floor200 East Main StreetLexington, Kentucky 40507","Planning Commission Public Hearings - Zoning Items"
"http://lexingtonky.gov/index.aspx?recordid=17103&page=17",,"17103","11/17/2016 11:00 AM ","11/17/2016  1:00 PM","5th Floor Conference Room200 East Main StreetLexington, Kentucky","Corridors Commission"
"http://lexingtonky.gov/index.aspx?recordid=18104&page=17",,"18104","11/17/2016 9:00 AM ","11/17/2016  11:00 AM","7th Floor Conference Room101 East Vine StreetLexington, Kentucky 40507","9 am Air Quality Advisory Committee"
"http://lexingtonky.gov/index.aspx?recordid=17708&page=17",,"17708","11/16/2016 3:00 PM ","11/16/2016  5:00 PM","7th floor Phoenix Building101 East Vine StreetLexington, Kentucky 40507","Greenspace Commission Committee Meeting"
"http://lexingtonky.gov/index.aspx?recordid=17033&page=17",,"17033","11/15/2016 4:00 PM","","$0Division of Planning Office, 7th Floor101 East Vine StreetLexington, Kentucky 40507","Conditional Use & Administrative Appeal Application Filing Deadline"
"http://lexingtonky.gov/index.aspx?recordid=17390&page=17",,"17390","11/15/2016 3:00 PM","","Council Chamber200 East Main StreetLexington, Kentucky 40507","Council Work Session"
"http://lexingtonky.gov/index.aspx?recordid=17508&page=17",,"17508","11/15/2016 1:00 PM","","Council Chamber200 East Main StreetLexington, Kentucky 40507","Environmental Quality & Public Works Committee"
"http://lexingtonky.gov/index.aspx?recordid=16895&page=17",,"16895","11/11/2016 4:00 PM","","$0Division of Planning Office, 7th Floor101 East Vine StreetLexington, Kentucky 40507","All Plan Certifications for Technical Committee Review - Filing Deadline"
"http://lexingtonky.gov/index.aspx?recordid=16937&page=17",,"16937","11/11/2016 4:00 PM","","$0Division of Planning Office, 7th Floor101 East Vine StreetLexington, Kentucky 40507","ND-1 Overlay Zoning Amendment Applications Filing Deadline"
"http://lexingtonky.gov/index.aspx?recordid=16871&page=17",,"16871","11/10/2016 1:30 PM","","$0Council Chambers, 2nd Floor200 East Main StreetLexington, Kentucky 40507","Planning Commission Meeting - Subdivision Items"
"http://lexingtonky.gov/index.aspx?recordid=17761&page=17",,"17761","11/9/2016 5:00 PM","","Council Chambers200 East Main StreetLexington, Kentucky 40507","Board of Architectural Review"
"http://lexingtonky.gov/index.aspx?recordid=17723&page=17",,"17723","11/9/2016 2:00 PM","","Council Chamber200 E. Main StreetKentucky","Courthouse Area Design Review Board"
"http://lexingtonky.gov/index.aspx?recordid=17845&page=17",,"17845","11/9/2016 11:30 AM ","11/9/2016  1:00 PM","GLOBAL LEX1306 Versailles Road, Suite 110Kentucky","Mayor’s International Affairs Advisory Commission "
"http://lexingtonky.gov/index.aspx?recordid=17972&page=17",,"17972","11/9/2016 10:00 AM ","11/9/2016  12:00 PM","Global Lex1306 Versailles Road, Suite 110Lexington, Kentucky 40504","MIAAC Executive Committee"
"http://lexingtonky.gov/index.aspx?recordid=14815&page=17",,"14815","11/9/2016 9:00 AM ","11/9/2016  10:30 AM","Phoenix Building (7th floor conference room)101 E. Vine Street 7th FloorLexington, Kentucky 40507","Transportation Technical Coordination Committee"
"http://lexingtonky.gov/index.aspx?recordid=17989&page=17",,"17989","11/8/2016 11:30 AM","","Global Lexington1306 Versailles Road, Suite 110Lexington, Kentucky 40504","International Affairs Advisory Commission’s Education and Advocacy Committee"
"http://lexingtonky.gov/index.aspx?recordid=16021&page=17",,"16021","11/4/2016 12:00 PM ","11/4/2016  2:00 PM","Phoenix Building (7th floor conference room)101 E. Vine Street 7th FloorLexington, Kentucky 40507","Bicycle Pedestrian Advisory Committee Meeting (BPAC)"
"http://lexingtonky.gov/index.aspx?recordid=17896&page=17",,"17896","11/3/2016 6:00 PM","","Council Chamber, 2nd floor200 E Main StLexington, Kentucky 40507","Council Meeting"
"http://lexingtonky.gov/index.aspx?recordid=18037&page=17",,"18037","11/3/2016 5:30 PM","","3rd floor Conference Room in the Phoenix Building101 E. Vine St.Lexington, Kentucky 40507","Ethics Commission Meeting"
"http://lexingtonky.gov/index.aspx?recordid=16826&page=17",,"16826","11/3/2016 4:00 PM","","$0Division of Planning Office, 7th Floor101 East Vine StreetLexington, Kentucky 40507","Reapproval & Approval Extension Request Filing Deadline"
"http://lexingtonky.gov/index.aspx?recordid=16970&page=17",,"16970","11/3/2016 1:30 PM","","$0Division of Planning Office, 7th Floor101 East Vine StreetLexington, Kentucky 40507","Planning Commission - Zoning (Sub)Committee Meeting"
"http://lexingtonky.gov/index.aspx?recordid=17626&page=17",,"17626","11/3/2016 10:30 AM","","Public Safety Conference Room #320200 E. Main StreetKentucky","E-911 Bpard Meeting"
"http://lexingtonky.gov/index.aspx?recordid=16814&page=17",,"16814","11/3/2016 8:30 AM","","$0Division of Planning Office, 7th Floor101 East Vine StreetLexington, Kentucky 40507","Planning Commission - Subdivision (Sub)Committee Meeting"
"http://lexingtonky.gov/index.aspx?recordid=16787&page=17",,"16787","11/2/2016 4:00 PM","","$0Division of Planning Office, 7th Floor101 East Vine StreetLexington, Kentucky 40507","Land Subdivision Regulations Waiver Request Filing Deadline"
"http://lexingtonky.gov/index.aspx?recordid=17392&page=17",,"17392","11/1/2016 3:00 PM","","Council Chamber200 East Main StreetLexington, Kentucky 40507","Council Work Session"
"http://lexingtonky.gov/index.aspx?recordid=17509&page=17",,"17509","11/1/2016 1:00 PM","","Council Chamber200 East Main StreetLexington, Kentucky 40507","General Government & Social Services Committee"
"http://lexingtonky.gov/index.aspx?recordid=18059&page=17",,"18059","11/1/2016 11:00 AM","","10th floor conference room - UCG Center200 E. Main StreetKentucky","Internal Audit Board Meeting"
"http://lexingtonky.gov/index.aspx?recordid=16739&page=17",,"16739","10/31/2016 4:00 PM","","$0Division of Planning Office, 7th Floor101 East Vine StreetLexington, Kentucky 40507","Subdivision Plans & All Development Plans Filing Deadline"
"http://lexingtonky.gov/index.aspx?recordid=16910&page=17",,"16910","10/31/2016 4:00 PM","","$0Division of Planning Office, 7th Floor101 East Vine StreetLexington, Kentucky 40507","Zoning Amendment Applications Filing Deadline"
"http://lexingtonky.gov/index.aspx?recordid=17070&page=17",,"17070","10/28/2016 1:30 PM","","$0Council Chambers, 2nd Floor200 East Main StreetLexington, Kentucky 40507","Board of Adjustment Hearing"
"http://lexingtonky.gov/index.aspx?recordid=17895&page=17",,"17895","10/27/2016 6:00 PM","","Council Chamber, 2nd floor200 E Main StLexington, Kentucky 40507","Council Meeting"
"http://lexingtonky.gov/index.aspx?recordid=17059&page=17",,"17059","10/27/2016 4:00 PM","","$0Division of Planning Office, 7th Floor101 East Vine StreetLexington, Kentucky 40507","Variances & Early Rehearing Requests Filing Deadline"
"http://lexingtonky.gov/index.aspx?recordid=16994&page=17",,"16994","10/27/2016 1:30 PM","","$0Council Chambers, 2nd Floor200 East Main StreetLexington, Kentucky 40507","Planning Commission Public Hearings - Zoning Items"
"http://lexingtonky.gov/index.aspx?recordid=17762&page=17",,"17762","10/26/2016 5:00 PM","","Council Chambers200 East Main StreetLexington, Kentucky 40507","Board of Architectural Review"
"http://lexingtonky.gov/index.aspx?recordid=18106&page=17",,"18106","10/26/2016 1:30 PM ","10/26/2016  3:00 PM","Jessamine County Courthouse101 North Main StNicholasville, Kentucky 40356","1:30 pm Transportation Policy Committee"
"http://lexingtonky.gov/index.aspx?recordid=16754&page=17",,"16754","10/26/2016 8:30 AM","","$0Division of Planning Office, 7th Floor101 East Vine StreetLexington, Kentucky 40507","Technical Committee Meeting"
"http://lexingtonky.gov/index.aspx?recordid=17393&page=17",,"17393","10/25/2016 3:00 PM","","Council Chamber200 East Main StreetLexington, Kentucky 40507","Council Work Session"
"http://lexingtonky.gov/index.aspx?recordid=17499&page=17",,"17499","10/25/2016 1:00 PM","","Council Chamber200 East Main StreetLexington, Kentucky 40507","Budget, Finance & Economic Development Committee"
"http://lexingtonky.gov/index.aspx?recordid=18047&page=17",,"18047","10/25/2016 10:00 AM","","12th Floor Conference Room200 E. Main St.Lexington, Kentucky 40507","City Employees Pension Fund Board Meeting"
"http://lexingtonky.gov/index.aspx?recordid=17985&page=17",,"17985","10/21/2016 11:00 AM ","10/21/2016  2:00 PM","Global Lexington1306 Versailles Road, Suite 110Lexington, Kentucky 40504","International Affairs Advisory Commission’s Cultural Affairs Committee"
"http://lexingtonky.gov/index.aspx?recordid=18072&page=17",,"18072","10/20/2016 8:30 AM ","10/20/2016  10:30 AM","FreeTBDKentucky","Keep Lexington Beautiful Commission Meeting"
"http://lexingtonky.gov/index.aspx?recordid=17707&page=17",,"17707","10/19/2016 3:00 PM ","10/19/2016  3:00 PM","7th floor Phoenix Building101 East Vine StreetLexington, Kentucky 40507","Greenspace Commission Committee Meeting"
"http://lexingtonky.gov/index.aspx?recordid=17032&page=17",,"17032","10/18/2016 4:00 PM","","$0Division of Planning Office, 7th Floor101 East Vine StreetLexington, Kentucky 40507","Conditional Use & Administrative Appeal Application Filing Deadline"
"http://lexingtonky.gov/index.aspx?recordid=17394&page=17",,"17394","10/18/2016 3:00 PM","","Council Chamber200 East Main StreetLexington, Kentucky 40507","Council Work Session"
"http://lexingtonky.gov/index.aspx?recordid=17500&page=17",,"17500","10/18/2016 1:00 PM","","Council Chamber200 East Main StreetLexington, Kentucky 40507","Environmental Quality & Public Works Committee"
"http://lexingtonky.gov/index.aspx?recordid=17791&page=17",,"17791","10/17/2016 2:00 PM","","3rd Floor Conference room, Phoenix BuildingKentucky","Rural Land Management Board Work Session & Meeting"
"http://lexingtonky.gov/index.aspx?recordid=16894&page=17",,"16894","10/14/2016 4:00 PM","","$0Division of Planning Office, 7th Floor101 East Vine StreetLexington, Kentucky 40507","All Plan Certifications for Technical Committee Review - Filing Deadline"
"http://lexingtonky.gov/index.aspx?recordid=16938&page=17",,"16938","10/14/2016 4:00 PM","","$0Division of Planning Office, 7th Floor101 East Vine StreetLexington, Kentucky 40507","ND-1 Overlay Zoning Amendment Applications Filing Deadline"
"http://lexingtonky.gov/index.aspx?recordid=17894&page=17",,"17894","10/13/2016 6:00 PM","","Council Chamber, 2nd floor200 E Main StLexington, Kentucky 40507","Council Meeting"
"http://lexingtonky.gov/index.aspx?recordid=16870&page=17",,"16870","10/13/2016 1:30 PM","","$0Council Chambers, 2nd Floor200 East Main StreetLexington, Kentucky 40507","Planning Commission Meeting - Subdivision Items"
"http://lexingtonky.gov/index.aspx?recordid=17101&page=17",,"17101","10/13/2016 11:00 AM ","10/13/2016  1:00 PM","5th Floor Conference Room200 East Main StreetLexington, Kentucky","Corridors Commission"
"http://lexingtonky.gov/index.aspx?recordid=17763&page=17",,"17763","10/12/2016 5:00 PM","","Council Chambers200 East Main StreetLexington, Kentucky 40507","Board of Architectural Review"
"http://lexingtonky.gov/index.aspx?recordid=15955&page=17",,"15955","10/12/2016 1:30 PM","","Phoenix Building (7th floor conference room)101 E. Vine Street 7th FloorLexington, Kentucky 40507","Congestion Management Committee"
"http://lexingtonky.gov/index.aspx?recordid=17395&page=17",,"17395","10/11/2016 3:00 PM","","Council Chamber200 East Main StreetLexington, Kentucky 40507","Council Work Session"
"http://lexingtonky.gov/index.aspx?recordid=17501&page=17",,"17501","10/11/2016 1:00 PM","","Council Chamber200 East Main StreetLexington, Kentucky 40507","Planning & Public Safety Committee"
"http://lexingtonky.gov/index.aspx?recordid=17988&page=17",,"17988","10/11/2016 11:30 AM","","Global Lexington1306 Versailles Road, Suite 110Lexington, Kentucky 40504","International Affairs Advisory Commission’s Education and Advocacy Committee"
"http://lexingtonky.gov/index.aspx?recordid=16020&page=17",,"16020","10/7/2016 12:00 PM ","10/7/2016  2:00 PM","Phoenix Building (7th floor conference room)101 E. Vine Street 7th FloorLexington, Kentucky 40507","Bicycle Pedestrian Advisory Committee Meeting (BPAC)"
"http://lexingtonky.gov/index.aspx?recordid=16825&page=17",,"16825","10/6/2016 4:00 PM","","$0Division of Planning Office, 7th Floor101 East Vine StreetLexington, Kentucky 40507","Reapproval & Approval Extension Request Filing Deadline"
"http://lexingtonky.gov/index.aspx?recordid=17058&page=17",,"17058","10/6/2016 4:00 PM","","$0Division of Planning Office, 7th Floor101 East Vine StreetLexington, Kentucky 40507","Variances & Early Rehearing Requests Filing Deadline"
"http://lexingtonky.gov/index.aspx?recordid=16969&page=17",,"16969","10/6/2016 1:30 PM","","$0Division of Planning Office, 7th Floor101 East Vine StreetLexington, Kentucky 40507","Planning Commission - Zoning (Sub)Committee Meeting"
"http://lexingtonky.gov/index.aspx?recordid=16813&page=17",,"16813","10/6/2016 8:30 AM","","$0Division of Planning Office, 7th Floor101 East Vine StreetLexington, Kentucky 40507","Planning Commission - Subdivision (Sub)Committee Meeting"
"http://lexingtonky.gov/index.aspx?recordid=16786&page=17",,"16786","10/5/2016 4:00 PM","","$0Division of Planning Office, 7th Floor101 East Vine StreetLexington, Kentucky 40507","Land Subdivision Regulations Waiver Request Filing Deadline"
"http://lexingtonky.gov/index.aspx?recordid=16737&page=17",,"16737","10/3/2016 4:00 PM","","$0Division of Planning Office, 7th Floor101 East Vine StreetLexington, Kentucky 40507","Subdivision Plans & All Development Plans Filing Deadline"
"http://lexingtonky.gov/index.aspx?recordid=16911&page=17",,"16911","10/3/2016 4:00 PM","","$0Division of Planning Office, 7th Floor101 East Vine StreetLexington, Kentucky 40507","Zoning Amendment Applications Filing Deadline"
"http://lexingtonky.gov/index.aspx?recordid=17069&page=17",,"17069","9/30/2016 1:30 PM","","$0Council Chambers, 2nd Floor200 East Main StreetLexington, Kentucky 40507","Board of Adjustment Hearing"
"http://lexingtonky.gov/index.aspx?recordid=17893&page=17",,"17893","9/29/2016 6:00 PM","","Council Chamber, 2nd floor200 E Main StLexington, Kentucky 40507","Council Meeting"
"http://lexingtonky.gov/index.aspx?recordid=17008&page=17",,"17008","9/29/2016 1:30 PM","","$0Council Chambers, 2nd Floor200 East Main StreetLexington, Kentucky 40507","Planning Commission Work Session"
"http://lexingtonky.gov/index.aspx?recordid=17764&page=17",,"17764","9/28/2016 5:00 PM","","Council Chambers200 East Main StreetLexington, Kentucky 40507","Board of Architectural Review"
"http://lexingtonky.gov/index.aspx?recordid=18134&page=17",,"18134","9/28/2016 11:30 AM ","9/28/2016  1:00 PM","Phoenix Building 3rd Floor Conference Room101 E. Vine St.Lexington, Kentucky 40504","Social Services Advisory Board"
"http://lexingtonky.gov/index.aspx?recordid=16755&page=17",,"16755","9/28/2016 8:30 AM","","$0Division of Planning Office, 7th Floor101 East Vine StreetLexington, Kentucky 40507","Technical Committee Meeting"
"http://lexingtonky.gov/index.aspx?recordid=17397&page=17",,"17397","9/27/2016 3:00 PM","","Council Chamber200 East Main StreetLexington, Kentucky 40507","Council Work Session"
"http://lexingtonky.gov/index.aspx?recordid=17493&page=17",,"17493","9/27/2016 1:00 PM","","Council Chamber200 East Main StreetLexington, Kentucky 40507","Budget, Finance & Economic Development Committee"
"http://lexingtonky.gov/index.aspx?recordid=18294&page=17",,"18294","9/27/2016 11:30 AM ","9/27/2016  12:30 PM","CAO Conference Room200 East Main StreetKentucky 40507","Corridors Commission Public Art Sub-Committee "
"http://lexingtonky.gov/index.aspx?recordid=16993&page=17",,"16993","9/22/2016 1:30 PM","","$0Council Chambers, 2nd Floor200 East Main StreetLexington, Kentucky 40507","Planning Commission Public Hearings - Zoning Items"
"http://lexingtonky.gov/index.aspx?recordid=17706&page=17",,"17706","9/21/2016 3:00 PM ","9/21/2016  3:00 PM","7th floor Phoenix Building101 East Vine StreetLexington, Kentucky 40507","Greenspace Commission Committee Meeting"
"http://lexingtonky.gov/index.aspx?recordid=17031&page=17",,"17031","9/20/2016 4:00 PM","","$0Division of Planning Office, 7th Floor101 East Vine StreetLexington, Kentucky 40507","Conditional Use & Administrative Appeal Application Filing Deadline"
"http://lexingtonky.gov/index.aspx?recordid=17398&page=17",,"17398","9/20/2016 3:00 PM","","Council Chamber200 East Main StreetLexington, Kentucky 40507","Council Work Session"
"http://lexingtonky.gov/index.aspx?recordid=17494&page=17",,"17494","9/20/2016 1:00 PM","","Council Chamber200 East Main StreetLexington, Kentucky 40507","Environmental Quality & Public Works Committee"
"http://lexingtonky.gov/index.aspx?recordid=16893&page=17",,"16893","9/16/2016 4:00 PM","","$0Division of Planning Office, 7th Floor101 East Vine StreetLexington, Kentucky 40507","All Plan Certifications for Technical Committee Review - Filing Deadline"
"http://lexingtonky.gov/index.aspx?recordid=16939&page=17",,"16939","9/16/2016 4:00 PM","","$0Division of Planning Office, 7th Floor101 East Vine StreetLexington, Kentucky 40507","ND-1 Overlay Zoning Amendment Applications Filing Deadline"
"http://lexingtonky.gov/index.aspx?recordid=17986&page=17",,"17986","9/16/2016 11:00 AM ","9/16/2016  2:00 PM","Global Lexington1306 Versailles Road, Suite 110Lexington, Kentucky 40504","International Affairs Advisory Commission’s Cultural Affairs Committee"
"http://lexingtonky.gov/index.aspx?recordid=17892&page=17",,"17892","9/15/2016 6:00 PM","","Council Chamber, 2nd floor200 E Main StLexington, Kentucky 40507","Council Meeting"
"http://lexingtonky.gov/index.aspx?recordid=17099&page=17",,"17099","9/15/2016 11:00 AM ","9/15/2016  1:00 PM","5th Floor Conference Room200 East Main StreetLexington, Kentucky","Corridors Commission"
"http://lexingtonky.gov/index.aspx?recordid=17765&page=17",,"17765","9/14/2016 5:00 PM","","Council Chambers200 East Main StreetLexington, Kentucky 40507","Board of Architectural Review"
"http://lexingtonky.gov/index.aspx?recordid=14814&page=17",,"14814","9/14/2016 9:00 AM ","9/14/2016  10:30 AM","Phoenix Building (7th floor conference room)101 E. Vine Street 7th FloorLexington, Kentucky 40507","Transportation Technical Coordination Committee"
"http://lexingtonky.gov/index.aspx?recordid=17399&page=17",,"17399","9/13/2016 3:00 PM","","Council Chamber200 East Main StreetLexington, Kentucky 40507","Council Work Session"
"http://lexingtonky.gov/index.aspx?recordid=17495&page=17",,"17495","9/13/2016 1:00 PM","","Council Chamber200 East Main StreetLexington, Kentucky 40507","General Government & Social Services Committee"
"http://lexingtonky.gov/index.aspx?recordid=18019&page=17",,"18019","9/13/2016 11:30 AM","","Global Lexington1306 Versailles Road, Suite 110Lexington, Kentucky 40504","International Affairs Advisory Commission’s Education and Advocacy Committee"
"http://lexingtonky.gov/index.aspx?recordid=17081&page=17",,"17081","9/8/2016 4:00 PM","","$0Division of Planning Office, 7th Floor101 East Vine StreetLexington, Kentucky 40507","Variances & Early Rehearing Requests Filing Deadline"
"http://lexingtonky.gov/index.aspx?recordid=16869&page=17",,"16869","9/8/2016 1:30 PM","","$0Council Chambers, 2nd Floor200 East Main StreetLexington, Kentucky 40507","Planning Commission Meeting - Subdivision Items"
"http://lexingtonky.gov/index.aspx?recordid=16785&page=17",,"16785","9/7/2016 4:00 PM","","$0Division of Planning Office, 7th Floor101 East Vine StreetLexington, Kentucky 40507","Land Subdivision Regulations Waiver Request Filing Deadline"
"http://lexingtonky.gov/index.aspx?recordid=18058&page=17",,"18058","9/6/2016 11:00 AM","","10th floor conference room - UCG Center200 E. Main StreetKentucky","Internal Audit Board Meeting"
"http://lexingtonky.gov/index.aspx?recordid=16912&page=17","*Not on regular day due to holiday<!--&#86;&#73;&#83;&#73;&#79;&#78;&#67;&#77;&#84;4-->","16912","9/2/2016 4:00 PM","","$0Division of Planning Office, 7th Floor101 East Vine StreetLexington, Kentucky 40507","Zoning Amendment Applications Filing Deadline"
"http://lexingtonky.gov/index.aspx?recordid=16019&page=17",,"16019","9/2/2016 12:00 PM ","9/2/2016  2:00 PM","Phoenix Building (7th floor conference room)101 E. Vine Street 7th FloorLexington, Kentucky 40507","Bicycle Pedestrian Advisory Committee Meeting (BPAC)"
"http://lexingtonky.gov/index.aspx?recordid=18202&page=17",,"18202","9/2/2016 9:00 AM ","9/2/2016  11:00 AM","Tate Building, first floor training room125 Lisle Industrial Ave., Ste 180Lexington, Kentucky","Stormwater Stakeholder Advisory Committee"
"http://lexingtonky.gov/index.aspx?recordid=16824&page=17",,"16824","9/1/2016 4:00 PM","","$0Division of Planning Office, 7th Floor101 East Vine StreetLexington, Kentucky 40507","Reapproval & Approval Extension Request Filing Deadline"
"http://lexingtonky.gov/index.aspx?recordid=16968&page=17",,"16968","9/1/2016 1:30 PM","","$0Division of Planning Office, 7th Floor101 East Vine StreetLexington, Kentucky 40507","Planning Commission - Zoning (Sub)Committee Meeting"
"http://lexingtonky.gov/index.aspx?recordid=16836&page=17",,"16836","9/1/2016 8:30 AM","","$0Division of Planning Office, 7th Floor101 East Vine StreetLexington, Kentucky 40507","Planning Commission - Subdivision (Sub)Committee Meeting"
"http://lexingtonky.gov/index.aspx?recordid=16736&page=17","*Not on regular day due to holiday<!--&#86;&#73;&#83;&#73;&#79;&#78;&#67;&#77;&#84;4-->","16736","8/31/2016 4:00 PM","","$0Division of Planning Office, 7th Floor101 East Vine StreetLexington, Kentucky 40507","Subdivision Plans & All Development Plans Filing Deadline"
"http://lexingtonky.gov/index.aspx?recordid=18292&page=17",,"18292","8/31/2016 10:30 AM ","8/31/2016  11:30 AM","CAO Conference Room200 East Main StreetKentucky","Corridors Commission Public Art Sub-Committee "
"http://lexingtonky.gov/index.aspx?recordid=17891&page=17",,"17891","8/30/2016 5:00 PM","","Council Chamber, 2nd floor200 E Main StLexington, Kentucky 40507","Council Meeting"
"http://lexingtonky.gov/index.aspx?recordid=17401&page=17",,"17401","8/30/2016 3:00 PM","","Council Chamber200 East Main StreetLexington, Kentucky 40507","Council Work Session"
"http://lexingtonky.gov/index.aspx?recordid=17487&page=17",,"17487","8/30/2016 1:00 PM","","Council Chamber200 East Main StreetLexington, Kentucky 40507","Budget, Finance & Economic Development Committee"
"http://lexingtonky.gov/index.aspx?recordid=17790&page=17",,"17790","8/29/2016 2:00 PM","","3rd Floor Conference room, Phoenix BuildingKentucky","Rural Land Management Board Work Session & Meeting"
"http://lexingtonky.gov/index.aspx?recordid=17068&page=17",,"17068","8/26/2016 1:30 PM","","$0Council Chambers, 2nd Floor200 East Main StreetLexington, Kentucky 40507","Board of Adjustment Hearing"
"http://lexingtonky.gov/index.aspx?recordid=16992&page=17",,"16992","8/25/2016 1:30 PM","","$0Council Chambers, 2nd Floor200 East Main StreetLexington, Kentucky 40507","Planning Commission Public Hearings - Zoning Items"
"http://lexingtonky.gov/index.aspx?recordid=17766&page=17",,"17766","8/24/2016 5:00 PM","","Council Chambers200 East Main StreetLexington, Kentucky 40507","Board of Architectural Review"
"http://lexingtonky.gov/index.aspx?recordid=18107&page=17",,"18107","8/24/2016 1:30 PM ","8/24/2016  3:00 PM","2nd Floor Council Chambers200 East Main Street Lexington, Kentucky 40507","1:30 pm Transportation Policy Committee"
"http://lexingtonky.gov/index.aspx?recordid=16756&page=17",,"16756","8/24/2016 8:30 AM","","$0Division of Planning Office, 7th Floor101 East Vine StreetLexington, Kentucky 40507","Technical Committee Meeting"
"http://lexingtonky.gov/index.aspx?recordid=17030&page=17",,"17030","8/23/2016 4:00 PM","","$0Division of Planning Office, 7th Floor101 East Vine StreetLexington, Kentucky 40507","Conditional Use & Administrative Appeal Application Filing Deadline"
"http://lexingtonky.gov/index.aspx?recordid=17402&page=17",,"17402","8/23/2016 3:00 PM","","Council Chamber200 East Main StreetLexington, Kentucky 40507","Council Work Session"
"http://lexingtonky.gov/index.aspx?recordid=17488&page=17",,"17488","8/23/2016 1:00 PM","","Council Chamber200 East Main StreetLexington, Kentucky 40507","Environmental Quality & Public Works Committee"
"http://lexingtonky.gov/index.aspx?recordid=17987&page=17",,"17987","8/19/2016 11:00 AM ","8/19/2016  2:00 PM","Global Lexington1306 Versailles Road, Suite 110Lexington, Kentucky 40504","International Affairs Advisory Commission’s Cultural Affairs Committee"
"http://lexingtonky.gov/index.aspx?recordid=17890&page=17",,"17890","8/18/2016 6:00 PM","","Council Chamber, 2nd floor200 E Main StLexington, Kentucky 40507","Council Meeting"
"http://lexingtonky.gov/index.aspx?recordid=17097&page=17",,"17097","8/18/2016 11:00 AM ","8/18/2016  1:00 PM","KeenelandLexington, Kentucky","Corridors Commission"
"http://lexingtonky.gov/index.aspx?recordid=18071&page=17",,"18071","8/18/2016 8:30 AM ","8/18/2016  10:30 AM","FreeTBDKentucky","Keep Lexington Beautiful Commission Meeting"
"http://lexingtonky.gov/index.aspx?recordid=17705&page=17",,"17705","8/17/2016 3:00 PM ","8/17/2016  3:00 PM","7th floor Phoenix Building101 East Vine StreetLexington, Kentucky 40507","Greenspace Commission Committee Meeting"
"http://lexingtonky.gov/index.aspx?recordid=17403&page=17",,"17403","8/16/2016 3:00 PM","","Council Chamber200 East Main StreetLexington, Kentucky 40507","Council Work Session"
"http://lexingtonky.gov/index.aspx?recordid=17489&page=17",,"17489","8/16/2016 1:00 PM","","Council Chamber200 East Main StreetLexington, Kentucky 40507","Planning & Public Safety Committee"
"http://lexingtonky.gov/index.aspx?recordid=16892&page=17",,"16892","8/12/2016 4:00 PM","","$0Division of Planning Office, 7th Floor101 East Vine StreetLexington, Kentucky 40507","All Plan Certifications for Technical Committee Review - Filing Deadline"
"http://lexingtonky.gov/index.aspx?recordid=16948&page=17",,"16948","8/12/2016 4:00 PM","","$0Division of Planning Office, 7th Floor101 East Vine StreetLexington, Kentucky 40507","ND-1 Overlay Zoning Amendment Applications Filing Deadline"
"http://lexingtonky.gov/index.aspx?recordid=16868&page=17",,"16868","8/11/2016 1:30 PM","","$0Council Chambers, 2nd Floor200 East Main StreetLexington, Kentucky 40507","Planning Commission Meeting - Subdivision Items"
"http://lexingtonky.gov/index.aspx?recordid=17767&page=17",,"17767","8/10/2016 5:00 PM","","Council Chambers200 East Main StreetLexington, Kentucky 40507","Board of Architectural Review"
"http://lexingtonky.gov/index.aspx?recordid=17722&page=17",,"17722","8/10/2016 2:00 PM","","Council Chamber200 E. Main StreetKentucky","Courthouse Area Design Review Board"
"http://lexingtonky.gov/index.aspx?recordid=15954&page=17",,"15954","8/10/2016 1:30 PM","","Phoenix Building (7th floor conference room)101 E. Vine Street 7th FloorLexington, Kentucky 40507","Congestion Management Committee"
"http://lexingtonky.gov/index.aspx?recordid=17844&page=17",,"17844","8/10/2016 11:30 AM ","8/10/2016  1:00 PM","GLOBAL LEX1306 Versailles Road, Suite 110Kentucky","Mayor’s International Affairs Advisory Commission "
"http://lexingtonky.gov/index.aspx?recordid=17973&page=17",,"17973","8/10/2016 10:00 AM ","8/10/2016  12:00 PM","Global Lex1306 Versailles Road, Suite 110Lexington, Kentucky 40504","MIAAC Executive Committee"
"http://lexingtonky.gov/index.aspx?recordid=18018&page=17",,"18018","8/9/2016 11:30 AM","","Global Lexington1306 Versailles Road, Suite 110Lexington, Kentucky 40504","International Affairs Advisory Commission’s Education and Advocacy Committee"
"http://lexingtonky.gov/index.aspx?recordid=16048&page=17",,"16048","8/5/2016 12:00 PM ","8/5/2016  2:00 PM","Phoenix Building (7th floor conference room)101 E. Vine Street 7th FloorLexington, Kentucky 40507","Bicycle Pedestrian Advisory Committee Meeting (BPAC)"
"http://lexingtonky.gov/index.aspx?recordid=18036&page=17",,"18036","8/4/2016 5:30 PM","","3rd floor Conference Room in the Phoenix Building101 E. Vine StreetLexington, Kentucky 40507","Ethics Commission Meeting"
"http://lexingtonky.gov/index.aspx?recordid=16823&page=17",,"16823","8/4/2016 4:00 PM","","$0Division of Planning Office, 7th Floor101 East Vine StreetLexington, Kentucky 40507","Reapproval & Approval Extension Request Filing Deadline"
"http://lexingtonky.gov/index.aspx?recordid=17080&page=17",,"17080","8/4/2016 4:00 PM","","$0Division of Planning Office, 7th Floor101 East Vine StreetLexington, Kentucky 40507","Variances & Early Rehearing Requests Filing Deadline"
"http://lexingtonky.gov/index.aspx?recordid=16967&page=17",,"16967","8/4/2016 1:30 PM","","$0Division of Planning Office, 7th Floor101 East Vine StreetLexington, Kentucky 40507","Planning Commission - Zoning (Sub)Committee Meeting"
"http://lexingtonky.gov/index.aspx?recordid=16835&page=17",,"16835","8/4/2016 8:30 AM","","$0Division of Planning Office, 7th Floor101 East Vine StreetLexington, Kentucky 40507","Planning Commission - Subdivision (Sub)Committee Meeting"
"http://lexingtonky.gov/index.aspx?recordid=16784&page=17",,"16784","8/3/2016 4:00 PM","","$0Division of Planning Office, 7th Floor101 East Vine StreetLexington, Kentucky 40507","Land Subdivision Regulations Waiver Request Filing Deadline"
"http://lexingtonky.gov/index.aspx?recordid=16735&page=17",,"16735","8/1/2016 4:00 PM","","$0Division of Planning Office, 7th Floor101 East Vine StreetLexington, Kentucky 40507","Subdivision Plans & All Development Plans Filing Deadline"
"http://lexingtonky.gov/index.aspx?recordid=16913&page=17",,"16913","8/1/2016 4:00 PM","","$0Division of Planning Office, 7th Floor101 East Vine StreetLexington, Kentucky 40507","Zoning Amendment Applications Filing Deadline"
"http://lexingtonky.gov/index.aspx?recordid=17067&page=17",,"17067","7/29/2016 1:30 PM","","$0Council Chambers, 2nd Floor200 East Main StreetLexington, Kentucky 40507","Board of Adjustment Hearing"
"http://lexingtonky.gov/index.aspx?recordid=16991&page=17",,"16991","7/28/2016 1:30 PM","","$0Council Chambers, 2nd Floor200 East Main StreetLexington, Kentucky 40507","Planning Commission Public Hearings - Zoning Items"
"http://lexingtonky.gov/index.aspx?recordid=17768&page=17",,"17768","7/27/2016 5:00 PM","","Council Chambers200 East Main StreetLexington, Kentucky 40507","Board of Architectural Review"
"http://lexingtonky.gov/index.aspx?recordid=18131&page=17",,"18131","7/27/2016 11:30 AM ","7/27/2016  1:00 PM","Day Treatment Center1177 Red Mile PlaceLexington, Kentucky 40504","Social Services Advisory Board"
"http://lexingtonky.gov/index.aspx?recordid=16757&page=17",,"16757","7/27/2016 8:30 AM","","$0Division of Planning Office, 7th Floor101 East Vine StreetLexington, Kentucky 40507","Technical Committee Meeting"
"http://lexingtonky.gov/index.aspx?recordid=17029&page=17",,"17029","7/26/2016 4:00 PM","","$0Division of Planning Office, 7th Floor101 East Vine StreetLexington, Kentucky 40507","Conditional Use & Administrative Appeal Application Filing Deadline"
"http://lexingtonky.gov/index.aspx?recordid=18045&page=17",,"18045","7/26/2016 10:00 AM","","12th Floor Conference Room200 E. Main St.Lexington, Kentucky 40507","City Employees Pension Fund Board Meeting"
"http://lexingtonky.gov/index.aspx?recordid=17704&page=17",,"17704","7/20/2016 3:00 PM ","7/20/2016  3:00 PM","7th floor Phoenix Building101 East Vine StreetLexington, Kentucky 40507","Greenspace Commission Committee Meeting"
"http://lexingtonky.gov/index.aspx?recordid=18290&page=17",,"18290","7/20/2016 12:00 PM ","7/20/2016  1:00 PM","CAO Conference Room200 East Main StreetKentucky","Corridors Commission Public Art Sub-Committee "
"http://lexingtonky.gov/index.aspx?recordid=17789&page=17",,"17789","7/18/2016 2:00 PM","","12th Floor Conference Room, Government CenterKentucky","Rural Land Management Board Work Session & Meeting"
"http://lexingtonky.gov/index.aspx?recordid=16891&page=17",,"16891","7/15/2016 4:00 PM","","$0Division of Planning Office, 7th Floor101 East Vine StreetLexington, Kentucky 40507","All Plan Certifications for Technical Committee Review - Filing Deadline"
"http://lexingtonky.gov/index.aspx?recordid=16947&page=17",,"16947","7/15/2016 4:00 PM","","$0Division of Planning Office, 7th Floor101 East Vine StreetLexington, Kentucky 40507","ND-1 Overlay Zoning Amendment Applications Filing Deadline"
"http://lexingtonky.gov/index.aspx?recordid=18002&page=17",,"18002","7/15/2016 11:00 AM ","7/15/2016  2:00 PM","Global Lexington1306 Versailles Road, Suite 110Lexington, Kentucky 40504","International Affairs Advisory Commission’s Cultural Affairs Committee"
"http://lexingtonky.gov/index.aspx?recordid=16867&page=17",,"16867","7/14/2016 1:30 PM","","$0Council Chambers, 2nd Floor200 East Main StreetLexington, Kentucky 40507","Planning Commission Meeting - Subdivision Items"
"http://lexingtonky.gov/index.aspx?recordid=17827&page=17",,"17827","7/14/2016 9:00 AM","","Tate Building, first floor training room125 Lisle Industrial Ave., Ste 180Lexington, Kentucky","Water Quality Fees Board"
"http://lexingtonky.gov/index.aspx?recordid=17769&page=17",,"17769","7/13/2016 5:00 PM","","Council Chambers200 East Main StreetLexington, Kentucky 40507","Board of Architectural Review"
"http://lexingtonky.gov/index.aspx?recordid=16408&page=17",,"16408","7/13/2016 10:30 AM","","Government Center -- 5th floor conference room200 East Main StreetLexington, Kentucky","Tree Board"
"http://lexingtonky.gov/index.aspx?recordid=14813&page=17",,"14813","7/13/2016 9:00 AM ","7/13/2016  10:30 AM","Phoenix Building (7th floor conference room)101 E. Vine Street 7th FloorLexington, Kentucky 40507","Transportation Technical Coordination Committee"
"http://lexingtonky.gov/index.aspx?recordid=18017&page=17",,"18017","7/12/2016 11:30 AM","","Global Lexington1306 Versailles Road, Suite 110Lexington, Kentucky 40504","International Affairs Advisory Commission’s Education and Advocacy Committee"
"http://lexingtonky.gov/index.aspx?recordid=16047&page=17",,"16047","7/8/2016 12:00 PM ","7/8/2016  2:00 PM","Phoenix Building (7th floor conference room)101 E. Vine Street 7th FloorLexington, Kentucky 40507","CANCELLED   Bicycle Pedestrian Advisory Committee Meeting (BPAC)"
"http://lexingtonky.gov/index.aspx?recordid=17889&page=17","<a href=""http://www.lexingtonky.gov/Modules/ShowDocument.aspx?documentid=32487"">Click here for the Docket.</a><!--&#86;&#73;&#83;&#73;&#79;&#78;&#67;&#77;&#84;4-->","17889","7/7/2016 6:00 PM","","Council Chamber, 2nd floor200 E Main StLexington, Kentucky 40507","Council Meeting"
"http://lexingtonky.gov/index.aspx?recordid=16822&page=17",,"16822","7/7/2016 4:00 PM","","$0Division of Planning Office, 7th Floor101 East Vine StreetLexington, Kentucky 40507","Reapproval & Approval Extension Request Filing Deadline"
"http://lexingtonky.gov/index.aspx?recordid=17079&page=17",,"17079","7/7/2016 4:00 PM","","$0Division of Planning Office, 7th Floor101 East Vine StreetLexington, Kentucky 40507","Variances & Early Rehearing Requests Filing Deadline"
"http://lexingtonky.gov/index.aspx?recordid=16966&page=17","Please <a href=""https://drive.google.com/file/d/0B0aBvWAKyfxaSmtwSEY3YXhBRjA/view?usp=sharing"">click here to review the agenda </a>for this meeting.<!--&#86;&#73;&#83;&#73;&#79;&#78;&#67;&#77;&#84;4-->","16966","7/7/2016 1:30 PM","","$0Division of Planning Office, 7th Floor101 East Vine StreetLexington, Kentucky 40507","Planning Commission - Zoning (Sub)Committee Meeting"
"http://lexingtonky.gov/index.aspx?recordid=16834&page=17","Please <a href=""https://drive.google.com/file/d/0B0aBvWAKyfxaUVdWdXpXMEtyUVU/view?usp=sharing"">click here to view the agenda</a> for this meeting.<!--&#86;&#73;&#83;&#73;&#79;&#78;&#67;&#77;&#84;4-->","16834","7/7/2016 8:30 AM","","$0Division of Planning Office, 7th Floor101 East Vine StreetLexington, Kentucky 40507","Planning Commission - Subdivision (Sub)Committee Meeting"
"http://lexingtonky.gov/index.aspx?recordid=16783&page=17",,"16783","7/6/2016 4:00 PM","","$0Division of Planning Office, 7th Floor101 East Vine StreetLexington, Kentucky 40507","Land Subdivision Regulations Waiver Request Filing Deadline"
"http://lexingtonky.gov/index.aspx?recordid=17888&page=17","<p><span><a href=""http://www.lexingtonky.gov/Modules/ShowDocument.aspx?documentid=32483"">Click here for the Work Copy Docket.</a></span> </p>
    <p><a href=""http://www.lexingtonky.gov/Modules/ShowDocument.aspx?documentid=32488"">Click here for the Docket.</a></p><!--&#86;&#73;&#83;&#73;&#79;&#78;&#67;&#77;&#84;4-->","17888","7/5/2016 6:00 PM","","Council Chamber, 2nd floor200 E Main StLexington, Kentucky 40507","Council Meeting"
"http://lexingtonky.gov/index.aspx?recordid=17409&page=17","<a href=""http://www.lexingtonky.gov/Modules/ShowDocument.aspx?documentid=32477"">July 5, 2016 Work Session Packet</a><!--&#86;&#73;&#83;&#73;&#79;&#78;&#67;&#77;&#84;4-->","17409","7/5/2016 3:00 PM","","Council Chamber200 East Main StreetLexington, Kentucky 40507","Council Work Session"
